NUM,UC,Tran_Num,Activity_Num,Actor_Num,Component_num,Boundary_Num,Control_Num,Entity_Num,EI,EQ,INT,DM,CTRL,EXTIVK,EXTCLL,TRAN_NA,NT,Avg_TL,Avg_TD, Avg_TC, Avg_DETs, Arch_Diff,EI,EO,EQ,FN,NI,NE,EXT,ERY,RED,WRT,SWTI,SWTII,SWTIII
1,Cancel Client Appointment,3,9,0,7,0,7,0,0,0,0,0,3,0,0,0,3,5,4.333333333333333,4,0.3333333333333333,21.666666666666664,0,0,11,3,3,3,3,3,3,3,3.0443999999999996,9.144,6.1929
2,Cancel Volunteer Appointment,3,9,0,7,0,7,0,0,0,0,0,3,0,0,0,3,5,4.333333333333333,4,1.3333333333333333,21.666666666666664,0,0,13,3,3,3,3,3,3,3,3.0443999999999996,9.144,6.1929
3,Make New Client Appointment,3,9,0,7,2,5,0,0,0,2,0,3,0,2,0,3,5,3.1666666666666665,4,7,15.833333333333332,0,0,13,3,3,3,3,3,3,3,3.0443999999999996,8.1431,5.2389
4,Make Volunteer Appointment,3,9,0,7,3,4,0,0,0,1,0,1,0,1,2,1,15,2.75,12,20,41.25,0,0,11,3,3,3,3,3,3,3,3.0443999999999996,6.0963,5.2389
5,Submit New Volunteer Application,3,9,0,7,4,3,0,0,0,1,0,1,0,1,2,1,15,3.1666666666666665,12,20,47.5,0,0,11,3,3,3,3,3,3,3,3.0443999999999996,8.1431,5.2389
6,View Client Schedule,5,10,0,8,4,4,0,0,0,1,0,1,0,1,4,1,26,2.8095238095238093,21,19,73.04761904761904,0,0,18,5,5,5,5,5,5,5,5.074,9.2827,7.6675
7,View Volunteer Application,3,8,0,6,5,1,0,0,0,1,0,1,0,1,2,1,13,3,10,17,39,0,0,12,3,3,3,3,3,3,3,3.0443999999999996,5.2613,4.4409
8,View Volunteer List,3,8,0,6,5,1,0,0,0,1,0,1,0,1,2,1,13,3,10,21,39,0,0,13,3,3,3,3,3,3,3,3.0443999999999996,5.2613,4.4409
9,View Volunteer Schedule,3,8,0,6,5,1,0,0,0,1,0,1,0,1,2,1,13,3,10,23,39,0,0,13,3,3,3,3,3,3,3,3.0443999999999996,5.2613,4.4409
