{"dataset_name":"combined_data_set_9_13.csv","model_name":"sloc","model_path":".models/sloc.Rdata","Date_created":"2019-10-14 03:20:17","cvResults":{"accuracy_metrics":{"sloc_mmre":1.935789,"sloc_pred15":0.000000,"sloc_pred25":0.033333,"sloc_pred50":0.280952,"sloc_mdmre":1.586124,"sloc_mae":18814.743948,"sloc_predRange":0.090476},"goodness_fit_metrics":{"R2":0.114701,"f_test":0.732501}},"bsEstimations":{"sloc_mmre":[0.948629,1.855727,3.026621],"sloc_pred15":[0.000000,0.047143,0.142857],"sloc_pred25":[0.000000,0.082857,0.142857],"sloc_pred50":[0.000000,0.220000,0.428571],"sloc_mdmre":[0.611334,1.438687,2.606655],"sloc_mae":[14111.277168,20738.788410,30350.319025],"sloc_predRange":[0.000000,0.096000,0.190243]}}
