"","model_labels","r_squared","rank1"
"1","cosmic",0.111199853948583,6
"2","fp",0.0925215140136023,5
"3","ln_sloc",NA,8
"4","sloc",NA,7
"5","tm1",0.0105153866194352,3
"6","tm2",-0.00194600322213168,1
"7","tm3",0.0138874543906075,4
"8","ucp",4.56128604719996e-06,2
