{"dataset_name":"combined_data_set_9_13.csv","model_name":"cosmic","model_path":".models/cosmic.Rdata","Date_created":"2019-10-16 15:40:00","cvResults":{"accuracy_metrics":{"cosmic_mmre":2.133713,"cosmic_pred15":0.066667,"cosmic_pred25":0.128571,"cosmic_pred50":0.219048,"cosmic_mdmre":1.195311,"cosmic_mae":18081.740467,"cosmic_predRange":0.103810},"goodness_fit_metrics":{"R2":0.132832,"f_test":0.689295}},"bsEstimations":{"cosmic_mmre":[0.917024,2.046500,3.652694],"cosmic_pred15":[0.000000,0.080000,0.226429],"cosmic_pred25":[0.000000,0.132857,0.285714],"cosmic_pred50":[0.000000,0.225714,0.428571],"cosmic_mdmre":[0.591538,1.201298,2.580406],"cosmic_mae":[12829.378034,20099.536150,31260.034477],"cosmic_predRange":[0.000000,0.126657,0.242857]}}
