{"dataset_name":"combined_data_set_9_13.csv","model_name":"fp","model_path":".models/fp.Rdata","Date_created":"2019-10-16 15:40:00","cvResults":{"accuracy_metrics":{"fp_mmre":1.261431,"fp_pred15":0.057143,"fp_pred25":0.114286,"fp_pred50":0.390476,"fp_mdmre":0.988159,"fp_mae":15105.304725,"fp_predRange":0.151810},"goodness_fit_metrics":{"R2":0.447269,"f_test":0.098529}},"bsEstimations":{"fp_mmre":[0.710682,1.319422,2.109201],"fp_pred15":[0.000000,0.048571,0.142857],"fp_pred25":[0.000000,0.121429,0.285714],"fp_pred50":[0.142857,0.304286,0.571429],"fp_mdmre":[0.497247,0.958317,1.669508],"fp_mae":[10364.856528,17320.700242,24064.696320],"fp_predRange":[0.026900,0.123486,0.225714]}}
