{"dataset_name":"combined_data_set_9_13.csv","model_name":"ln_sloc","model_path":".models/ln_sloc.Rdata","Date_created":"2019-10-16 15:40:00","cvResults":{"accuracy_metrics":{"ln_sloc_mmre":0.902531,"ln_sloc_pred15":0.061905,"ln_sloc_pred25":0.061905,"ln_sloc_pred50":0.276190,"ln_sloc_mdmre":0.766188,"ln_sloc_mae":16851.812800,"ln_sloc_predRange":0.098952},"goodness_fit_metrics":{"R2":0.004944,"f_test":0.800019}},"bsEstimations":{"ln_sloc_mmre":[0.556539,0.899214,1.329528],"ln_sloc_pred15":[0.000000,0.077143,0.285714],"ln_sloc_pred25":[0.000000,0.108571,0.285714],"ln_sloc_pred50":[0.000000,0.272857,0.428571],"ln_sloc_mdmre":[0.513814,0.803784,1.292148],"ln_sloc_mae":[8657.069668,18608.890851,31704.667504],"ln_sloc_predRange":[0.000000,0.122200,0.256929]}}
